scientific_name,phylogenetic_order,family,subfamily,genus,specific_epithet,authorship,english_name,taxon_comments,habitats_directive,spec_status,edge_of_range
Aglais ichnusa,298,Nymphalidae,Nymphalinae,Aglais,ichnusa,"(Hübner, 1824)",Corsican Small Tortoiseshell,,,,
Aglais io,296,Nymphalidae,Nymphalinae,Aglais,io,"(Linnaeus, 1758)",Peacock,,,,
Aglais urticae,297,Nymphalidae,Nymphalinae,Aglais,urticae,"(Linnaeus, 1758)",Small Tortoiseshell,,,,
Agriades aquilo,201,Lycaenidae,Polyommatinae,Agriades,aquilo,"(Boisduval, 1832)",Arctic Blue,,II,,
Agriades dardanus,198,Lycaenidae,Polyommatinae,Agriades,dardanus,"(Freyer, 1843)",Bosnian Blue,,,SPEC2,
Agriades glandon,200,Lycaenidae,Polyommatinae,Agriades,glandon,"(de Prunner, 1798)",Glandon Blue,,,,
Agriades optilete,196,Lycaenidae,Polyommatinae,Agriades,optilete,"(Knoch, 1781)",Cranberry Blue,,,,
Agriades orbitulus,195,Lycaenidae,Polyommatinae,Agriades,orbitulus,"(de Prunner, 1798)",Alpine Blue,,,,
Agriades pyrenaicus,197,Lycaenidae,Polyommatinae,Agriades,pyrenaicus,"(Boisduval, 1840)",Gavarnie Blue,,,,
Agriades zullichi,199,Lycaenidae,Polyommatinae,Agriades,zullichi,"Hemming, 1933",Zullich's Blue,,,SPEC1,
Anthocharis cardamines,117,Pieridae,Pierinae,Anthocharis,cardamines,"(Linnaeus, 1758)",Orange-tip,,,,
Anthocharis damone,119,Pieridae,Pierinae,Anthocharis,damone,"Boisduval, 1836",Eastern Orange-tip,,,,
Anthocharis euphenoides,116,Pieridae,Pierinae,Anthocharis,euphenoides,"Staudinger, 1869",Provence Orange-tip,,,,
Anthocharis gruneri,118,Pieridae,Pierinae,Anthocharis,gruneri,"Herrich-Schäffer, 1851",Grüner's Orange-tip,,,,
Apatura ilia,290,Nymphalidae,Apaturinae,Apatura,ilia,"([Denis & Schiffermüller], 1775)",Lesser Purple Emperor,,,,
Apatura iris,288,Nymphalidae,Apaturinae,Apatura,iris,"(Linnaeus, 1758)",Purple Emperor,,,,
Apatura metis,289,Nymphalidae,Apaturinae,Apatura,metis,"Freyer, 1829",Freyer's Purple Emperor,,IV,,
Aphantopus hyperantus,430,Nymphalidae,Satyrinae,Aphantopus,hyperantus,"(Linnaeus, 1758)",Ringlet,,,,
Aporia crataegi,87,Pieridae,Pierinae,Aporia,crataegi,"(Linnaeus, 1758)",Black-veined White,,,,
Araschnia levana,291,Nymphalidae,Nymphalinae,Araschnia,levana,"(Linnaeus, 1758)",Map,,,,
Archon apollinus,9,Papilionidae,Parnassiinae,Archon,apollinus,"(Herbst, 1798)",False Apollo,,,SPEC2,
Arethusana arethusa,397,Nymphalidae,Satyrinae,Arethusana,arethusa,"([Denis & Schiffermüller], 1775)",False Grayling,,,,
Argynnis laodice,263,Nymphalidae,Heliconiinae,Argynnis,laodice,"(Pallas, 1771)",Pallas' Fritillary,,,,
Argynnis pandora,262,Nymphalidae,Heliconiinae,Argynnis,pandora,"([Denis & Schiffermüller], 1775)",Cardinal,,,,
Argynnis paphia,261,Nymphalidae,Heliconiinae,Argynnis,paphia,"(Linnaeus, 1758)",Silver-washed Fritillary,,,,
Aricia agestis,218,Lycaenidae,Polyommatinae,Aricia,agestis,"([Denis & Schiffermüller], 1775)",Brown Argus,,,,
Aricia anteros,213,Lycaenidae,Polyommatinae,Aricia,anteros,"(Freyer, 1838)",Blue Argus,,,SPEC2,
Aricia artaxerxes,216,Lycaenidae,Polyommatinae,Aricia,artaxerxes,"(Fabricius, 1793)",Northern Brown Argus,,,,
Aricia cramera,214,Lycaenidae,Polyommatinae,Aricia,cramera,"(Eschscholtz, 1821)",Southern Brown Argus,,,,
Aricia montensis,217,Lycaenidae,Polyommatinae,Aricia,montensis,"Verity, 1928",Southern Mountain Argus,,,,
Aricia morronensis,212,Lycaenidae,Polyommatinae,Aricia,morronensis,"(Ribbe, 1910)",Spanish Argus,,,,
Aricia nicias,215,Lycaenidae,Polyommatinae,Aricia,nicias,"(Meigen, 1829)",Silvery Argus,,,,
Azanus jesous,156,Lycaenidae,Polyommatinae,Azanus,jesous,"(Guérin-Méneville, 1849)",African Babul Blue,,,,EoR
Azanus ubaldus,155,Lycaenidae,Polyommatinae,Azanus,ubaldus,"(Stoll, 1782)",Bright Babul Blue,,,,EoR
Boloria alaskensis,271,Nymphalidae,Heliconiinae,Boloria,alaskensis,"(Holland, 1900)",suggestion: Alaskan Fritillary,,,,EoR
Boloria angarensis,287,Nymphalidae,Heliconiinae,Boloria,angarensis,"(Erschoff, 1870)",suggestion: XX Fritillary,,,,
Boloria aquilonaris,273,Nymphalidae,Heliconiinae,Boloria,aquilonaris,"(Stichel, 1908)",Cranberry Fritillary,,,,
Boloria chariclea,286,Nymphalidae,Heliconiinae,Boloria,chariclea,"(Schneider, 1794)",Arctic Fritillary,,,SPEC2,
Boloria dia,279,Nymphalidae,Heliconiinae,Boloria,dia,"(Linnaeus, 1767)",Weaver's Fritillary,,,,
Boloria eunomia,268,Nymphalidae,Heliconiinae,Boloria,eunomia,"(Esper, 1800)",Bog Fritillary,,,,
Boloria euphrosyne,278,Nymphalidae,Heliconiinae,Boloria,euphrosyne,"(Linnaeus, 1758)",Pearl-bordered Fritillary,,,,
Boloria freija,282,Nymphalidae,Heliconiinae,Boloria,freija,"(Thunberg, 1791)",Freiya's Fritillary,,,SPEC3,
Boloria frigga,281,Nymphalidae,Heliconiinae,Boloria,frigga,"(Thunberg, 1791)",Frigga's Fritillary,,,SPEC4,
Boloria graeca,269,Nymphalidae,Heliconiinae,Boloria,graeca,"(Staudinger, 1870)",Balkan Fritillary,,,,
Boloria improba,280,Nymphalidae,Heliconiinae,Boloria,improba,"(Butler, 1877)",Dusky-winged Fritillary,,II,SPEC1,
Boloria napaea,272,Nymphalidae,Heliconiinae,Boloria,napaea,"(Hoffmansegg, 1804)",Mountain Fritillary,,,,
Boloria oscarus,284,Nymphalidae,Heliconiinae,Boloria,oscarus,"(Eversmann, 1844)",suggestion: Oscar's Fritillary,,,,EoR
Boloria pales,270,Nymphalidae,Heliconiinae,Boloria,pales,"([Denis & Schiffermüller], 1775)",Shepherd's Fritillary,,,,
Boloria polaris,275,Nymphalidae,Heliconiinae,Boloria,polaris,"(Boisduval, 1828)",Polar Fritillary,,,SPEC1,
Boloria selene,277,Nymphalidae,Heliconiinae,Boloria,selene,"([Denis & Schiffermüller], 1775)",Small Pearl-bordered Fritillary,,,,
Boloria selenis,283,Nymphalidae,Heliconiinae,Boloria,selenis,"(Eversmann, 1837)",suggestion: XX Fritillary,,,,
Boloria thore,276,Nymphalidae,Heliconiinae,Boloria,thore,"(Hübner, 1804)",Thor's Fritillary,,,,
Boloria titania,285,Nymphalidae,Heliconiinae,Boloria,titania,"(Esper, 1793)",Titania's Fritillary,,,SPEC2,
Boloria tritonia,274,Nymphalidae,Heliconiinae,Boloria,tritonia,"(Böber, 1812)",suggestion: XX Fritillary,,,,EoR
Borbo borbonica,20,Hesperiidae,Hesperiinae,Borbo,borbonica,"(Boisduval, 1833)",Zeller's Skipper,,,,
Brenthis daphne,260,Nymphalidae,Heliconiinae,Brenthis,daphne,"(Bergsträsser, 1780)",Marbled Fritillary,,,,
Brenthis hecate,258,Nymphalidae,Heliconiinae,Brenthis,hecate,"([Denis & Schiffermüller], 1775)",Twin-spot Fritillary,,,,
Brenthis ino,259,Nymphalidae,Heliconiinae,Brenthis,ino,"(Rottemburg, 1775)",Lesser Marbled Fritillary,,,,
Brintesia circe,396,Nymphalidae,Satyrinae,Brintesia,circe,"(Fabricius, 1775)",Great Banded Grayling,,,,
Cacyreus marshalli,158,Lycaenidae,Polyommatinae,Cacyreus,marshalli,"Butler, 1898",Geranium Bronze,,,,
Callophrys avis,141,Lycaenidae,Theclinae,Callophrys,avis,"Chapman, 1909",Chapman's Green Hairstreak,,,,
Callophrys chalybeitincta,144,Lycaenidae,Theclinae,Callophrys,chalybeitincta,"Sovinsky, 1905",Sovinsky's Green Hairstreak,,,,EoR
Callophrys rubi,143,Lycaenidae,Theclinae,Callophrys,rubi,"(Linnaeus, 1758)",Green Hairstreak,,,,
Callophrys suaveola,142,Lycaenidae,Theclinae,Callophrys,suaveola,"(Staudinger, 1881)",Alpine Green Hairstreak,,,,EoR
Carcharodus alceae,36,Hesperiidae,Pyrginae,Carcharodus,alceae,"(Esper, 1780)",Mallow Skipper,,,,
Carcharodus baeticus,44,Hesperiidae,Pyrginae,Carcharodus,baeticus,"(Rambur, 1839)",Southern Marbled Skipper,,,,
Carcharodus floccifera,42,Hesperiidae,Pyrginae,Carcharodus,floccifera,"(Zeller, 1847)",Tufted Marbled Skipper,,,SPEC2,
Carcharodus lavatherae,40,Hesperiidae,Pyrginae,Carcharodus,lavatherae,"(Esper, 1783)",Marbled Skipper,,,SPEC2,
Carcharodus orientalis,41,Hesperiidae,Pyrginae,Carcharodus,orientalis,"Reverdin, 1913",Oriental Marbled Skipper,,,,
Carcharodus stauderi,43,Hesperiidae,Pyrginae,Carcharodus,stauderi,"Reverdin, 1913",False Marbled Skipper,,,,EoR
Carcharodus tripolinus,35,Hesperiidae,Pyrginae,Carcharodus,tripolinus,"(Verity, 1925)",False Mallow Skipper,,,,
Carterocephalus palaemon,18,Hesperiidae,Heteropterinae,Carterocephalus,palaemon,"(Pallas, 1771)",Chequered Skipper,,,,
Carterocephalus silvicola,17,Hesperiidae,Heteropterinae,Carterocephalus,silvicola,"(Meigen, 1829)",Northern Chequered Skipper,,,,
Catopsilia florella,73,Pieridae,Coliadinae,Catopsilia,florella,"(Fabricius, 1775)",African Migrant,,,,EoR
Celastrina argiolus,159,Lycaenidae,Polyommatinae,Celastrina,argiolus,"(Linnaeus, 1758)",Holly Blue,,,,
Charaxes jasius,331,Nymphalidae,Charaxinae,Charaxes,jasius,"(Linnaeus, 1767)",Two-tailed Pasha,,,,
Chazara briseis,410,Nymphalidae,Satyrinae,Chazara,briseis,"(Linnaeus, 1764)",The Hermit,,,SPEC2,
Chazara persephone,412,Nymphalidae,Satyrinae,Chazara,persephone,"(Hübner, 1805)",Great Steppe Grayling,,,,
Chazara prieuri,411,Nymphalidae,Satyrinae,Chazara,prieuri,"(Pierret, 1837)",Southern Hermit,,,,
Cigaritis acamas,134,Lycaenidae,Aphnaeinae,Cigaritis,acamas,"(Klug, 1834)",Levantine Leopard,,,,EoR
Coenonympha amaryllis,339,Nymphalidae,Satyrinae,Coenonympha,amaryllis,"(Stoll, 1782)",suggestion: Stoll's Heath,,,,EoR
Coenonympha arcania,346,Nymphalidae,Satyrinae,Coenonympha,arcania,"(Linnaeus, 1760)",Pearly Heath,,,,
Coenonympha corinna,341,Nymphalidae,Satyrinae,Coenonympha,corinna,"(Hübner, 1804)",Corsican Heath,,,,
Coenonympha dorus,334,Nymphalidae,Satyrinae,Coenonympha,dorus,"(Esper, 1782)",Dusky Heath,,,,
Coenonympha gardetta,344,Nymphalidae,Satyrinae,Coenonympha,gardetta,"(de Prunner, 1798)",Alpine Heath,,,,
Coenonympha glycerion,340,Nymphalidae,Satyrinae,Coenonympha,glycerion,"(Borkhausen, 1788)",Chestnut Heath,,,,
Coenonympha hero,343,Nymphalidae,Satyrinae,Coenonympha,hero,"(Linnaeus, 1760)",Scarce Heath,,IV,SPEC1,
Coenonympha leander,342,Nymphalidae,Satyrinae,Coenonympha,leander,"(Esper, 1784)",Russian Heath,,,,
Coenonympha oedippus,333,Nymphalidae,Satyrinae,Coenonympha,oedippus,"(Fabricius, 1787)",False Ringlet,,II+IV,SPEC1,
Coenonympha orientalis,345,Nymphalidae,Satyrinae,Coenonympha,orientalis,"Rebel, 1909",Balkan Heath,,,SPEC1,
Coenonympha pamphilus,336,Nymphalidae,Satyrinae,Coenonympha,pamphilus,"(Linnaeus, 1758)",Small Heath,,,,
Coenonympha phryne,332,Nymphalidae,Satyrinae,Coenonympha,phryne,"(Pallas, 1771)",Siberian Brown,,,SPEC1,
Coenonympha rhodopensis,338,Nymphalidae,Satyrinae,Coenonympha,rhodopensis,"Elwes, 1900",Eastern Large Heath,,,,
Coenonympha thyrsis,335,Nymphalidae,Satyrinae,Coenonympha,thyrsis,"(Freyer, 1845)",Cretan Small Heath,,,,
Coenonympha tullia,337,Nymphalidae,Satyrinae,Coenonympha,tullia,"(Müller, 1764)",Large Heath,,,SPEC1,
Colias alfacariensis,75,Pieridae,Coliadinae,Colias,alfacariensis,"Ribbe, 1905",Berger's Clouded Yellow,,,,
Colias aurorina,77,Pieridae,Coliadinae,Colias,aurorina,"Herrich-Schäffer, 1850",Greek Clouded Yellow,,,,
Colias caucasica,82,Pieridae,Coliadinae,Colias,caucasica,"Staudinger, 1871",Balkan Clouded Yellow,,,,
Colias chrysotheme,78,Pieridae,Coliadinae,Colias,chrysotheme,"(Esper, 1781)",Lesser Clouded Yellow,,,SPEC1,
Colias crocea,80,Pieridae,Coliadinae,Colias,crocea,"(Geoffroy, 1785)",Clouded Yellow,,,,
Colias erate,79,Pieridae,Coliadinae,Colias,erate,"(Esper, 1805)",Eastern Pale Clouded Yellow,,,,
Colias hecla,85,Pieridae,Coliadinae,Colias,hecla,"Lefèbvre, 1836",Northern Clouded Yellow,,,SPEC2,
Colias hyale,74,Pieridae,Coliadinae,Colias,hyale,"(Linnaeus, 1758)",Pale Clouded Yellow,,,,
Colias myrmidone,81,Pieridae,Coliadinae,Colias,myrmidone,"(Esper, 1781)",Danube Clouded Yellow,,II+IV,SPEC1,
Colias palaeno,83,Pieridae,Coliadinae,Colias,palaeno,"(Linnaeus, 1760)",Moorland Clouded Yellow,,,SPEC4,
Colias phicomone,76,Pieridae,Coliadinae,Colias,phicomone,"(Esper, 1780)",Mountain Clouded Yellow,,,SPEC2,
Colias tyche,84,Pieridae,Coliadinae,Colias,tyche,"(Böber, 1812)",Pale Arctic Clouded Yellow,,,SPEC3,
Colotis evagore,86,Pieridae,Pierinae,Colotis,evagore,"(Klug, 1829)",Desert Orange-tip,,,,
Cupido alcetas,185,Lycaenidae,Polyommatinae,Cupido,alcetas,"(Hoffmansegg, 1804)",Provençal Short-tailed Blue,,,,
Cupido argiades,182,Lycaenidae,Polyommatinae,Cupido,argiades,"(Pallas, 1771)",Short-tailed Blue,,,,
Cupido decoloratus,184,Lycaenidae,Polyommatinae,Cupido,decoloratus,"(Staudinger, 1886)",Eastern Short-tailed Blue,,,SPEC2,
Cupido lorquinii,188,Lycaenidae,Polyommatinae,Cupido,lorquinii,"(Herrich-Schäffer, 1850)",Lorquin's Blue,,,,
Cupido minimus,187,Lycaenidae,Polyommatinae,Cupido,minimus,"(Fuessly, 1775)",Little Blue,,,,
Cupido osiris,186,Lycaenidae,Polyommatinae,Cupido,osiris,"(Meigen, 1829)",Osiris Blue,,,,
Cyaniris semiargus,210,Lycaenidae,Polyommatinae,Cyaniris,semiargus,"(Rottemburg, 1775)",Mazarine Blue,,,,
Cyclyrius webbianus,154,Lycaenidae,Polyommatinae,Cyclyrius,webbianus,"(Brullé, 1839)",Canary Blue,,,,
Danaus chrysippus,330,Nymphalidae,Danainae,Danaus,chrysippus,"(Linnaeus, 1758)",Plain Tiger,,,,EoR
Danaus plexippus,329,Nymphalidae,Danainae,Danaus,plexippus,"(Linnaeus, 1758)",Monarch,,,,EoR
Erebia aethiopella,472,Nymphalidae,Satyrinae,Erebia,aethiopella,"(Hoffmansegg, 1806)",False Mnestra Ringlet,,,,
Erebia aethiops,482,Nymphalidae,Satyrinae,Erebia,aethiops,"(Esper, 1777)",Scotch Argus,,,,
Erebia albergana,476,Nymphalidae,Satyrinae,Erebia,albergana,"(de Prunner, 1798)",Almond-eyed Ringlet,,,,
Erebia arvernensis,461,Nymphalidae,Satyrinae,Erebia,arvernensis,"Oberthür, 1908",Western Brassy Ringlet,,,,
Erebia calcarius,460,Nymphalidae,Satyrinae,Erebia,calcarius,"Lorković, 1953",Lorkovic's Brassy Ringlet,,II+IV,,
Erebia callias,455,Nymphalidae,Satyrinae,Erebia,callias,"Edwards, 1871",Colorado Alpine,,,,EoR
Erebia cassioides,457,Nymphalidae,Satyrinae,Erebia,cassioides,"(Hohenwarth, 1792)",Common Brassy Ringlet,,,,
Erebia christi,484,Nymphalidae,Satyrinae,Erebia,christi,"Rätzer, 1890",Rätzer's Ringlet,,II+IV,SPEC1,
Erebia claudina,450,Nymphalidae,Satyrinae,Erebia,claudina,"(Borkhausen, 1789)",White-speck Ringlet,,,SPEC2,
Erebia cyclopius,444,Nymphalidae,Satyrinae,Erebia,cyclopius,"(Eversmann, 1844)",suggestion: One-eyed Ringlet,,,,EoR
Erebia dabanensis,448,Nymphalidae,Satyrinae,Erebia,dabanensis,"Erschoff, 1872",Four-dotted Alpine,,,,EoR
Erebia disa,446,Nymphalidae,Satyrinae,Erebia,disa,"(Thunberg, 1791)",Arctic Ringlet,,,,
Erebia discoidalis,442,Nymphalidae,Satyrinae,Erebia,discoidalis,"(Kirby, 1837)",Red-disked Alpine,,,,
Erebia edda,440,Nymphalidae,Satyrinae,Erebia,edda,"Ménétriés, 1851",suggestion: XX Ringlet,,,,EoR
Erebia embla,445,Nymphalidae,Satyrinae,Erebia,embla,"(Thunberg, 1791)",Lapland Ringlet,,,SPEC3,
Erebia epiphron,486,Nymphalidae,Satyrinae,Erebia,epiphron,"(Knoch, 1783)",Mountain Ringlet,,,,
Erebia epistygne,467,Nymphalidae,Satyrinae,Erebia,epistygne,"(Hübner, 1819)",Spring Ringlet,,,SPEC2,
Erebia eriphyle,466,Nymphalidae,Satyrinae,Erebia,eriphyle,"(Freyer, 1836)",Eriphyle Ringlet,,,,
Erebia euryale,468,Nymphalidae,Satyrinae,Erebia,euryale,"(Esper, 1805)",Large Ringlet,,,,
Erebia fasciata,441,Nymphalidae,Satyrinae,Erebia,fasciata,"Butler, 1868",Banded Alpine,,,,EoR
Erebia flavofasciata,487,Nymphalidae,Satyrinae,Erebia,flavofasciata,"Heyne, 1895",Yellow-banded Ringlet,,,SPEC2,
Erebia gorge,463,Nymphalidae,Satyrinae,Erebia,gorge,"(Hübner, 1804)",Silky Ringlet,,,,
Erebia gorgone,473,Nymphalidae,Satyrinae,Erebia,gorgone,"Boisduval, 1833",Gavarnie Ringlet,,,,
Erebia hispania,453,Nymphalidae,Satyrinae,Erebia,hispania,"Butler, 1868",Spanish Brassy Ringlet,,,,
Erebia jeniseiensis,449,Nymphalidae,Satyrinae,Erebia,jeniseiensis,"Trybom, 1877",suggestion: XX Ringlet,,,,EoR
Erebia lefebvrei,494,Nymphalidae,Satyrinae,Erebia,lefebvrei,"(Boisduval, 1828)",Lefèbvre's Ringlet,,,,
Erebia ligea,470,Nymphalidae,Satyrinae,Erebia,ligea,"(Linnaeus, 1758)",Arran Brown,,,,
Erebia manto,451,Nymphalidae,Satyrinae,Erebia,manto,"([Denis & Schiffermüller], 1775)",Yellow-spotted Ringlet,,,SPEC3,
Erebia medusa,481,Nymphalidae,Satyrinae,Erebia,medusa,"([Denis & Schiffermüller], 1775)",Woodland Ringlet,,,,
Erebia melampus,478,Nymphalidae,Satyrinae,Erebia,melampus,"(Fuessly, 1775)",Lesser Mountain Ringlet,,,,
Erebia melas,493,Nymphalidae,Satyrinae,Erebia,melas,"(Herbst, 1796)",Black Ringlet,,,,
Erebia meolans,447,Nymphalidae,Satyrinae,Erebia,meolans,"(de Prunner, 1798)",Piedmont Ringlet,,,,
Erebia mnestra,475,Nymphalidae,Satyrinae,Erebia,mnestra,"(Hübner, 1804)",Mnestra's Ringlet,,,,
Erebia montana,488,Nymphalidae,Satyrinae,Erebia,montana,"(de Prunner, 1798)",Marbled Ringlet,,,,
Erebia neleus,459,Nymphalidae,Satyrinae,Erebia,neleus,"(Freyer, 1832)",,suggestion: XX Ringlet,,,
Erebia neoridas,496,Nymphalidae,Satyrinae,Erebia,neoridas,"(Boisduval, 1828)",Autumn Ringlet,,,,
Erebia nivalis,458,Nymphalidae,Satyrinae,Erebia,nivalis,"Lorković & Lesse, 1954",De Lesse's Brassy Ringlet,,,,
Erebia oeme,462,Nymphalidae,Satyrinae,Erebia,oeme,"(Hübner, 1804)",Bright-eyed Ringlet,,,,
Erebia orientalis,485,Nymphalidae,Satyrinae,Erebia,orientalis,"Elwes, 1900",Bulgarian Ringlet,,,,
Erebia ottomana,452,Nymphalidae,Satyrinae,Erebia,ottomana,"Herrich-Schäffer, 1847",Ottoman Brassy Ringlet,,,,
Erebia palarica,469,Nymphalidae,Satyrinae,Erebia,palarica,"Chapman, 1905",Chapman's Ringlet,,,,
Erebia pandrose,465,Nymphalidae,Satyrinae,Erebia,pandrose,"(Borkhausen, 1788)",Dewy Ringlet,,,,
Erebia pharte,483,Nymphalidae,Satyrinae,Erebia,pharte,"(Hübner, 1804)",Blind Ringlet,,,,
Erebia pluto,471,Nymphalidae,Satyrinae,Erebia,pluto,"(de Prunner, 1798)",Sooty Ringlet,,,,
Erebia polaris,480,Nymphalidae,Satyrinae,Erebia,polaris,"Staudinger, 1861",Arctic Woodland Ringlet,,II,,
Erebia pronoe,492,Nymphalidae,Satyrinae,Erebia,pronoe,"(Esper, 1780)",Water Ringlet,,,,
Erebia rhodopensis,474,Nymphalidae,Satyrinae,Erebia,rhodopensis,"Nicholl, 1900",Nicholl's Ringlet,,,,
Erebia rondoui,454,Nymphalidae,Satyrinae,Erebia,rondoui,"Oberthür, 1908",Pyrenees Brassy Ringlet,,,,
Erebia rossii,443,Nymphalidae,Satyrinae,Erebia,rossii,"(Curtis, 1835)",Arctic Alpine Ringlet,,,,
Erebia scipio,491,Nymphalidae,Satyrinae,Erebia,scipio,"Boisduval, 1833",Larche Ringlet,,,,
Erebia sthennyo,464,Nymphalidae,Satyrinae,Erebia,sthennyo,"Graslin, 1850",False Dewy Ringlet,,,,
Erebia stiria,490,Nymphalidae,Satyrinae,Erebia,stiria,"(Godart, 1824)",Styrian Ringlet,,,,
Erebia styx,489,Nymphalidae,Satyrinae,Erebia,styx,"(Freyer, 1834)",Stygian Ringlet,,,,
Erebia sudetica,477,Nymphalidae,Satyrinae,Erebia,sudetica,"Staudinger, 1861",Sudeten Ringlet,,IV,SPEC1,
Erebia triarius,479,Nymphalidae,Satyrinae,Erebia,triarius,"(de Prunner, 1798)",de Prunner's Ringlet,,,,
Erebia tyndarus,456,Nymphalidae,Satyrinae,Erebia,tyndarus,"(Esper, 1781)",Swiss Brassy Ringlet,,,,
Erebia zapateri,495,Nymphalidae,Satyrinae,Erebia,zapateri,"Oberthür, 1875",Zapater's Ringlet,,,,
Erynnis marloyi,46,Hesperiidae,Pyrginae,Erynnis,marloyi,"(Boisduval, 1834)",Inky Skipper,,,,
Erynnis tages,45,Hesperiidae,Pyrginae,Erynnis,tages,"(Linnaeus, 1758)",Dingy Skipper,,,,
Euchloe ausonia,110,Pieridae,Pierinae,Euchloe,ausonia,"(Hübner, 1804)",Eastern Dappled White,,,,
Euchloe bazae,113,Pieridae,Pierinae,Euchloe,bazae,"Fabiano, 1993",Spanish Greenish Black-tip,,,SPEC1,
Euchloe belemia,106,Pieridae,Pierinae,Euchloe,belemia,"(Esper, 1800)",Green-striped White,,,,
Euchloe charlonia,111,Pieridae,Pierinae,Euchloe,charlonia,"(Donzel, 1842)",Greenish Black-tip,,,,EoR
Euchloe crameri,108,Pieridae,Pierinae,Euchloe,crameri,"Butler, 1869",Western Dappled White,,,,
Euchloe eversi,103,Pieridae,Pierinae,Euchloe,eversi,"Stamm, 1963",Tenerife Green-striped White,,,,
Euchloe grancanariensis,104,Pieridae,Pierinae,Euchloe,grancanariensis,"Acosta, 2008",Gran Canaria Green-striped White,,,,
Euchloe hesperidum,105,Pieridae,Pierinae,Euchloe,hesperidum,"Rothschild, 1913",Fuerteventura Green-striped White,,,,
Euchloe insularis,107,Pieridae,Pierinae,Euchloe,insularis,"(Staudinger, 1861)",Corsican Dappled White,,,,
Euchloe penia,112,Pieridae,Pierinae,Euchloe,penia,"(Freyer, 1851)",Eastern Greenish Black-tip,,,,
Euchloe simplonia,109,Pieridae,Pierinae,Euchloe,simplonia,"(Freyer, 1829)",Mountain Dappled White,,,,
Euchloe tagis,102,Pieridae,Pierinae,Euchloe,tagis,"(Hübner, 1804)",Portuguese Dappled White,,,,
Eumedonia eumedon,203,Lycaenidae,Polyommatinae,Eumedonia,eumedon,"(Esper, 1780)",Geranium argus,,,,
Euphydryas aurinia,307,Nymphalidae,Melitaeinae,Euphydryas,aurinia,"(Rottemburg, 1775)",Marsh Fritillary,,II,SPEC4,
Euphydryas cynthia,308,Nymphalidae,Melitaeinae,Euphydryas,cynthia,"([Denis & Schiffermüller], 1775)",Cynthia's Fritillary,,,,
Euphydryas desfontainii,306,Nymphalidae,Melitaeinae,Euphydryas,desfontainii,"(Godart, 1819)",Spanish Fritillary,,,SPEC2,
Euphydryas iduna,309,Nymphalidae,Melitaeinae,Euphydryas,iduna,"(Dalman, 1816)",Lapland Fritillary,,,SPEC2,
Euphydryas intermedia,311,Nymphalidae,Melitaeinae,Euphydryas,intermedia,"(Ménétriés, 1859)",Asian Fritillary,,,,
Euphydryas maturna,310,Nymphalidae,Melitaeinae,Euphydryas,maturna,"(Linnaeus, 1758)",Scarce Fritillary,,II+IV,SPEC1,
Fabriciana adippe,267,Nymphalidae,Heliconiinae,Fabriciana,adippe,"([Denis & Schiffermüller], 1775)",High Brown Fritillary,,,,
Fabriciana elisa,265,Nymphalidae,Heliconiinae,Fabriciana,elisa,"(Godart, 1823)",Corsican Fritillary,,IV,,
Fabriciana niobe,266,Nymphalidae,Heliconiinae,Fabriciana,niobe,"(Linnaeus, 1758)",Niobe Fritillary,,,SPEC3,
Favonius quercus,136,Lycaenidae,Theclinae,Favonius,quercus,"(Linnaeus, 1758)",Purple Hairstreak,,,,
Freyeria trochylus,190,Lycaenidae,Polyommatinae,Freyeria,trochylus,"(Freyer, 1844)",Grass Jewel,,,,
Gegenes nostrodamus,22,Hesperiidae,Hesperiinae,Gegenes,nostrodamus,"(Fabricius, 1793)",Mediterranean Skipper,,,,
Gegenes pumilio,21,Hesperiidae,Hesperiinae,Gegenes,pumilio,"(Hoffmansegg, 1804)",Pigmy Skipper,,,,
Glabroculus cyane,211,Lycaenidae,Polyommatinae,Glabroculus,cyane,"(Eversmann, 1837)",suggestion:,,,,EoR
Glaucopsyche alexis,179,Lycaenidae,Polyommatinae,Glaucopsyche,alexis,"(Poda, 1761)",Green-underside Blue,,,SPEC3,
Glaucopsyche melanops,177,Lycaenidae,Polyommatinae,Glaucopsyche,melanops,"(Boisduval, 1828)",Black-eyed Blue,,,,
Glaucopsyche paphos,178,Lycaenidae,Polyommatinae,Glaucopsyche,paphos,"Chapman, 1920",Paphos Blue,,,,
Gonepteryx cleobule,69,Pieridae,Coliadinae,Gonepteryx,cleobule,"(Hübner, 1831)",Canary Brimstone,,,SPEC1,
Gonepteryx cleopatra,70,Pieridae,Coliadinae,Gonepteryx,cleopatra,"(Linnaeus, 1767)",Cleopatra,,,,
Gonepteryx farinosa,72,Pieridae,Coliadinae,Gonepteryx,farinosa,"(Zeller, 1847)",Powdered Brimstone,,,,
Gonepteryx maderensis,71,Pieridae,Coliadinae,Gonepteryx,maderensis,"Felder, 1862",Madeira Brimstone,,,SPEC1,
Gonepteryx rhamni,68,Pieridae,Coliadinae,Gonepteryx,rhamni,"(Linnaeus, 1758)",Brimstone,,,,
Hamearis lucina,120,Riodinidae,Nemeobiinae,Hamearis,lucina,"(Linnaeus, 1758)",Duke Of Burgundy,,,SPEC3,
Hesperia comma,24,Hesperiidae,Hesperiinae,Hesperia,comma,"(Linnaeus, 1758)",Silver-spotted Skipper,,,SPEC3,
Heteropterus morpheus,16,Hesperiidae,Heteropterinae,Heteropterus,morpheus,"(Pallas, 1771)",Large Chequered Skipper,,,,
Hipparchia aristaeus,386,Nymphalidae,Satyrinae,Hipparchia,aristaeus,"(Bonelli, 1826)",Southern Grayling,,,,
Hipparchia autonoe,375,Nymphalidae,Satyrinae,Hipparchia,autonoe,"(Esper, 1783)",suggestion:,,,,
Hipparchia azorina,381,Nymphalidae,Satyrinae,Hipparchia,azorina,"(Strecker, 1899)",Azores Grayling,,,,
Hipparchia bacchus,369,Nymphalidae,Satyrinae,Hipparchia,bacchus,"(Higgins, 1967)",El Hierro Grayling,,,SPEC1,
Hipparchia blachieri,385,Nymphalidae,Satyrinae,Hipparchia,blachieri,"(Fruhstorfer, 1908)",Sicilian Grayling,,,,
Hipparchia christenseni,394,Nymphalidae,Satyrinae,Hipparchia,christenseni,"Kudrna, 1977",Karpathos Grayling,,,,
Hipparchia cretica,393,Nymphalidae,Satyrinae,Hipparchia,cretica,"(Rebel, 1916)",Cretan Grayling,,,,
Hipparchia cypriensis,392,Nymphalidae,Satyrinae,Hipparchia,cypriensis,"(Holik, 1949)",Cyprus Grayling,,,,
Hipparchia fagi,378,Nymphalidae,Satyrinae,Hipparchia,fagi,"(Scopoli, 1763)",Woodland Grayling,,,SPEC2,
Hipparchia fatua,366,Nymphalidae,Satyrinae,Hipparchia,fatua,"Freyer, 1843",Freyer's Grayling,,,,
Hipparchia fidia,373,Nymphalidae,Satyrinae,Hipparchia,fidia,"(Linnaeus, 1767)",Striped Grayling,,,,
Hipparchia gomera,372,Nymphalidae,Satyrinae,Hipparchia,gomera,"(Higgins, 1967)",,suggestion: La Gomera Grayling,,,
Hipparchia hermione,376,Nymphalidae,Satyrinae,Hipparchia,hermione,"(Linnaeus, 1764)",Rock Grayling,,,SPEC2,
Hipparchia leighebi,389,Nymphalidae,Satyrinae,Hipparchia,leighebi,"Kudrna, 1976",Eolian Grayling,,,SPEC2,
Hipparchia maderensis,383,Nymphalidae,Satyrinae,Hipparchia,maderensis,"(Bethune-Baker, 1891)",Madeirean Grayling,,,SPEC3,
Hipparchia mersina,379,Nymphalidae,Satyrinae,Hipparchia,mersina,"(Staudinger, 1871)",Samos Grayling,,,,EoR
Hipparchia miguelensis,380,Nymphalidae,Satyrinae,Hipparchia,miguelensis,"(Le Cerf, 1935)",Le Cerf's Grayling,,,,
Hipparchia neapolitana,388,Nymphalidae,Satyrinae,Hipparchia,neapolitana,"(Stauder, 1921)",Italian Grayling,,,,
Hipparchia neomiris,374,Nymphalidae,Satyrinae,Hipparchia,neomiris,"(Godart, 1823)",Corsican Grayling,,,,
Hipparchia pellucida,390,Nymphalidae,Satyrinae,Hipparchia,pellucida,"(Stauder, 1924)",Lesbos Grayling,,,,EoR
Hipparchia sbordonii,391,Nymphalidae,Satyrinae,Hipparchia,sbordonii,"Kudrna, 1984",Ponza Grayling,,,SPEC2,
Hipparchia semele,384,Nymphalidae,Satyrinae,Hipparchia,semele,"(Linnaeus, 1758)",Grayling,,,,
Hipparchia senthes,382,Nymphalidae,Satyrinae,Hipparchia,senthes,"(Fruhstorfer, 1908)",Balkan Grayling,,,,
Hipparchia statilinus,367,Nymphalidae,Satyrinae,Hipparchia,statilinus,"(Hufnagel, 1766)",Tree Grayling,,,SPEC2,
Hipparchia syriaca,377,Nymphalidae,Satyrinae,Hipparchia,syriaca,"(Staudinger, 1871)",Eastern Rock Grayling,,,,
Hipparchia tamadabae,371,Nymphalidae,Satyrinae,Hipparchia,tamadabae,"Owen & Smith, 1992",,suggestion: Gran Canaria Grayling,,,
Hipparchia tilosi,368,Nymphalidae,Satyrinae,Hipparchia,tilosi,"Manil, 1984",,suggestion: La Palma Grayling,,SPEC1,
Hipparchia volgensis,387,Nymphalidae,Satyrinae,Hipparchia,volgensis,"(Mazokhin-Porshnyakov, 1952)",Delattin's Grayling,,,,
Hipparchia wyssii,370,Nymphalidae,Satyrinae,Hipparchia,wyssii,"(Christ, 1889)",Tenerife Grayling,,,,
Hypolimnas misippus,305,Nymphalidae,Nymphalinae,Hypolimnas,misippus,"(Linnaeus, 1764)",False Plain Tiger,,,,EoR
Hyponephele huebneri,426,Nymphalidae,Satyrinae,Hyponephele,huebneri,"Koçak, 1980",suggestion:,,,,EoR
Hyponephele lupina,428,Nymphalidae,Satyrinae,Hyponephele,lupina,"(Costa, 1836)",Oriental Meadow Brown,,,,
Hyponephele lycaon,427,Nymphalidae,Satyrinae,Hyponephele,lycaon,"(Kühn, 1774)",Dusky Steppe Brown,,,SPEC3,
Iolana debilitata,176,Lycaenidae,Polyommatinae,Iolana,debilitata,"(Schultz, 1905)",suggestion: Spanish Iolas Blue,,,,
Iolana iolas,175,Lycaenidae,Polyommatinae,Iolana,iolas,"(Ochsenheimer, 1816)",Iolas Blue,,,SPEC2,
Iphiclides feisthamelii,2,Papilionidae,Papilioninae,Iphiclides,feisthamelii,"(Duponchel, 1832)",Iberian Scarce Swallowtail,,,,
Iphiclides podalirius,1,Papilionidae,Papilioninae,Iphiclides,podalirius,"(Linnaeus, 1758)",Scarce Swallowtail,,,,
Issoria eugenia,257,Nymphalidae,Heliconiinae,Issoria,eugenia,"(Eversmann, 1847)",suggestion:,,,,EoR
Issoria lathonia,256,Nymphalidae,Heliconiinae,Issoria,lathonia,"(Linnaeus, 1758)",Queen of Spain Fritillary,,,,
Kirinia climene,348,Nymphalidae,Satyrinae,Kirinia,climene,"(Esper, 1783)",Lesser Lattice Brown,,,,
Kirinia roxelana,347,Nymphalidae,Satyrinae,Kirinia,roxelana,"(Cramer, 1777)",Lattice Brown,,,,
Kretania eurypilus,206,Lycaenidae,Polyommatinae,Kretania,eurypilus,"(Freyer, 1851)",Eastern Brown Argus,,,,EoR
Kretania hesperica,205,Lycaenidae,Polyommatinae,Kretania,hesperica,"(Rambur, 1839)",Spanish Zephyr Blue,,,SPEC4,
Kretania psylorita,204,Lycaenidae,Polyommatinae,Kretania,psylorita,"(Freyer, 1845)",Cretan Argus,,,,
Kretania pylaon,209,Lycaenidae,Polyommatinae,Kretania,pylaon,"(Fischer, 1832)",Fischer's Blue,,,SPEC2,
Kretania sephirus,208,Lycaenidae,Polyommatinae,Kretania,sephirus,"(Frivaldszky, 1835)",Zephyr Blue,,,SPEC4,
Kretania trappi,207,Lycaenidae,Polyommatinae,Kretania,trappi,"(Verity, 1927)",Alpine Zephyr Blue,,,SPEC2,
Laeosopis roboris,137,Lycaenidae,Theclinae,Laeosopis,roboris,"(Esper, 1789)",Spanish Purple Hairstreak,,,,
Lampides boeticus,157,Lycaenidae,Polyommatinae,Lampides,boeticus,"(Linnaeus, 1767)",Long-tailed Blue,,,,
Lasiommata deidamia,354,Nymphalidae,Satyrinae,Lasiommata,deidamia,"(Eversmann, 1851)",suggestion:,,,,EoR
Lasiommata maera,353,Nymphalidae,Satyrinae,Lasiommata,maera,"(Linnaeus, 1758)",Large Wall Brown,,,,
Lasiommata megera,357,Nymphalidae,Satyrinae,Lasiommata,megera,"(Linnaeus, 1767)",Wall Brown,,,,
Lasiommata paramegaera,356,Nymphalidae,Satyrinae,Lasiommata,paramegaera,"(Hübner, 1824)",Corsican Wall Brown,,,,
Lasiommata petropolitana,355,Nymphalidae,Satyrinae,Lasiommata,petropolitana,"(Fabricius, 1787)",Northern Wall Brown,,,,
Leptidea duponcheli,63,Pieridae,Dismorphiinae,Leptidea,duponcheli,"(Staudinger, 1871)",Eastern Wood White,,,,
Leptidea juvernica,65,Pieridae,Dismorphiinae,Leptidea,juvernica,"Williams, 1946",Cryptic Wood White,,,,
Leptidea morsei,64,Pieridae,Dismorphiinae,Leptidea,morsei,"(Fenton, 1882)",Fenton's Wood White,,II+IV,SPEC2,
Leptidea reali,67,Pieridae,Dismorphiinae,Leptidea,reali,"Reissinger, 1990",Réal's Wood White,,,,
Leptidea sinapis,66,Pieridae,Dismorphiinae,Leptidea,sinapis,"(Linnaeus, 1758)",Wood White,,,,
Leptotes pirithous,153,Lycaenidae,Polyommatinae,Leptotes,pirithous,"(Linnaeus, 1767)",Lang's Short-tailed Blue,,,,
Libythea celtis,328,Nymphalidae,Libytheinae,Libythea,celtis,"(Laicharting, 1782)",Nettle-tree Butterfly,,,,
Limenitis camilla,255,Nymphalidae,Limenitidinae,Limenitis,camilla,"(Linnaeus, 1764)",White Admiral,,,,
Limenitis populi,254,Nymphalidae,Limenitidinae,Limenitis,populi,"(Linnaeus, 1758)",Poplar Admiral,,,,
Limenitis reducta,253,Nymphalidae,Limenitidinae,Limenitis,reducta,"Staudinger, 1901",Southern White Admiral,,,,
Lopinga achine,349,Nymphalidae,Satyrinae,Lopinga,achine,"(Scopoli, 1763)",Woodland Brown,,IV,SPEC1,
Luthrodes galba,189,Lycaenidae,Polyommatinae,Luthrodes,galba,"(Lederer, 1855)",Small Desert Blue,,,,EoR
Lycaena alciphron,123,Lycaenidae,Lycaeninae,Lycaena,alciphron,"(Rottemburg, 1775)",Purple-shot Copper,,,,
Lycaena bleusei,130,Lycaenidae,Lycaeninae,Lycaena,bleusei,"(Oberthür, 1884)",Iberian Sooty Copper,,,,
Lycaena candens,128,Lycaenidae,Lycaeninae,Lycaena,candens,"(Herrich-Schäffer, 1844)",Balkan Copper,,,,
Lycaena dimorpha,121,Lycaenidae,Lycaeninae,Lycaena,dimorpha,"(Staudinger, 1881)",suggestion:,,,,EoR
Lycaena dispar,126,Lycaenidae,Lycaeninae,Lycaena,dispar,"([Haworth], 1802)",Large Copper,,II+IV,,
Lycaena helle,122,Lycaenidae,Lycaeninae,Lycaena,helle,"([Denis & Schiffermüller], 1775)",Violet Copper,,II+IV,SPEC1,
Lycaena hippothoe,127,Lycaenidae,Lycaeninae,Lycaena,hippothoe,"(Linnaeus, 1760)",Purple-edged Copper,,,SPEC3,
Lycaena ottomana,129,Lycaenidae,Lycaeninae,Lycaena,ottomana,"(Lefèbvre, 1831)",Grecian Copper,,,,
Lycaena phlaeas,131,Lycaenidae,Lycaeninae,Lycaena,phlaeas,"(Linnaeus, 1760)",Small Copper,,,,
Lycaena thersamon,125,Lycaenidae,Lycaeninae,Lycaena,thersamon,"(Esper, 1784)",Lesser Fiery Copper,,,SPEC3,
Lycaena thetis,124,Lycaenidae,Lycaeninae,Lycaena,thetis,"Klug, 1834",Fiery Copper,,,,EoR
Lycaena tityrus,133,Lycaenidae,Lycaeninae,Lycaena,tityrus,"(Poda, 1761)",Sooty Copper,,,,
Lycaena virgaureae,132,Lycaenidae,Lycaeninae,Lycaena,virgaureae,"(Linnaeus, 1758)",Scarce Copper,,,,
Lysandra albicans,225,Lycaenidae,Polyommatinae,Lysandra,albicans,"(Gerhard, 1851)",Spanish Chalkhill Blue,,,,
Lysandra bellargus,222,Lycaenidae,Polyommatinae,Lysandra,bellargus,"(Rottemburg, 1775)",Adonis Blue,,,,
Lysandra caelestissima,224,Lycaenidae,Polyommatinae,Lysandra,caelestissima,"(Verity, 1921)",Azure Chalkhill Blue,,,,
Lysandra coridon,223,Lycaenidae,Polyommatinae,Lysandra,coridon,"(Poda, 1761)",Chalkhill Blue,,,,
Lysandra corydonius,221,Lycaenidae,Polyommatinae,Lysandra,corydonius,"(Herrich-Schäffer, 1852)",Caucasian Blue,,,,
Lysandra hispana,220,Lycaenidae,Polyommatinae,Lysandra,hispana,"(Herrich-Schäffer, 1851)",Provence Chalkhill Blue,,,,
Maniola chia,435,Nymphalidae,Satyrinae,Maniola,chia,"Thomson, 1987",Chios Meadow Brown,,,,
Maniola cypricola,437,Nymphalidae,Satyrinae,Maniola,cypricola,"(Graves, 1928)",Cyprus Meadow Brown,,,,
Maniola halicarnassus,439,Nymphalidae,Satyrinae,Maniola,halicarnassus,"Thomson, 1990",Thomson's Meadow Brown,,,SPEC2,
Maniola jurtina,433,Nymphalidae,Satyrinae,Maniola,jurtina,"(Linnaeus, 1758)",Meadow Brown,,,,
Maniola megala,436,Nymphalidae,Satyrinae,Maniola,megala,"(Oberthür, 1909)",Turkish Meadow Brown,,,,EoR
Maniola nurag,434,Nymphalidae,Satyrinae,Maniola,nurag,"(Ghiliani, 1852)",Sardinian Meadow Brown,,,,
Maniola telmessia,438,Nymphalidae,Satyrinae,Maniola,telmessia,"(Zeller, 1847)",Aegean Meadow Brown,,,,
Melanargia arge,363,Nymphalidae,Satyrinae,Melanargia,arge,"(Sulzer, 1776)",Italian Marbled White,,II+IV,,
Melanargia galathea,361,Nymphalidae,Satyrinae,Melanargia,galathea,"(Linnaeus, 1758)",Marbled White,,,,
Melanargia ines,362,Nymphalidae,Satyrinae,Melanargia,ines,"(Hoffmansegg, 1804)",Spanish Marbled White,,,,
Melanargia lachesis,360,Nymphalidae,Satyrinae,Melanargia,lachesis,"(Hübner, 1790)",Iberian Marbled White,,,,
Melanargia larissa,359,Nymphalidae,Satyrinae,Melanargia,larissa,"(Geyer, 1828)",Balkan Marbled White,,,,
Melanargia occitanica,365,Nymphalidae,Satyrinae,Melanargia,occitanica,"(Esper, 1793)",Western Marbled White,,,SPEC3,
Melanargia pherusa,364,Nymphalidae,Satyrinae,Melanargia,pherusa,"(Boisduval, 1833)",Sicilian Marbled White,,,,
Melanargia russiae,358,Nymphalidae,Satyrinae,Melanargia,russiae,"(Esper, 1783)",Esper's Marbled White,,,,
Melitaea aetherie,315,Nymphalidae,Melitaeinae,Melitaea,aetherie,"(Hübner, 1826)",Aetherie Fritillary,,,,
Melitaea arduinna,314,Nymphalidae,Melitaeinae,Melitaea,arduinna,"(Esper, 1783)",Freyer's Fritillary,,,,
Melitaea asteria,327,Nymphalidae,Melitaeinae,Melitaea,asteria,"Freyer, 1828",Little Fritillary,,,SPEC3,
Melitaea athalia,323,Nymphalidae,Melitaeinae,Melitaea,athalia,"(Rottemburg, 1775)",Heath Fritillary,,,,
Melitaea aurelia,326,Nymphalidae,Melitaeinae,Melitaea,aurelia,"Nickerl, 1850",Nickerl's Fritillary,,,SPEC2,
Melitaea britomartis,322,Nymphalidae,Melitaeinae,Melitaea,britomartis,"Assmann, 1847",Assmann's Fritillary,,,SPEC2,
Melitaea celadussa,320,Nymphalidae,Melitaeinae,Melitaea,celadussa,"Fruhstorfer, 1910",Oberthür's Fritillary,,,,
Melitaea cinxia,318,Nymphalidae,Melitaeinae,Melitaea,cinxia,"(Linnaeus, 1758)",Glanville Fritillary,,,,
Melitaea deione,321,Nymphalidae,Melitaeinae,Melitaea,deione,"(Geyer, 1832)",Provençal Fritillary,,,,
Melitaea diamina,319,Nymphalidae,Melitaeinae,Melitaea,diamina,"(Lang, 1789)",False Heath Fritillary,,,,
Melitaea didyma,313,Nymphalidae,Melitaeinae,Melitaea,didyma,"(Esper, 1778)",Spotted Fritillary,,,,
Melitaea ornata,317,Nymphalidae,Melitaeinae,Melitaea,ornata,"Christoph, 1893",Eastern Knapweed Fritillary,,,,
Melitaea parthenoides,325,Nymphalidae,Melitaeinae,Melitaea,parthenoides,"Keferstein, 1851",Meadow Fritillary,,,SPEC4,
Melitaea phoebe,316,Nymphalidae,Melitaeinae,Melitaea,phoebe,"([Denis & Schiffermüller], 1775)",Knapweed Fritillary,,,,
Melitaea trivia,312,Nymphalidae,Melitaeinae,Melitaea,trivia,"([Denis & Schiffermüller], 1775)",Lesser Spotted Fritillary,,,,
Melitaea varia,324,Nymphalidae,Melitaeinae,Melitaea,varia,"Herrich-Schäffer, 1851",Grisons Fritillary,,,,
Minois dryas,395,Nymphalidae,Satyrinae,Minois,dryas,"(Scopoli, 1763)",Dryad,,,,
Muschampia cribrellum,37,Hesperiidae,Pyrginae,Muschampia,cribrellum,"(Eversmann, 1841)",Spinose Skipper,,,SPEC2,
Muschampia proto,39,Hesperiidae,Pyrginae,Muschampia,proto,"(Ochsenheimer, 1808)",Sage Skipper,,,,
Muschampia tessellum,38,Hesperiidae,Pyrginae,Muschampia,tessellum,"(Hübner, 1803)",Tesselated Skipper,,,,
Neolycaena rhymnus,145,Lycaenidae,Theclinae,Neolycaena,rhymnus,"(Eversmann, 1832)",suggestion:,,,SPEC3,
Neolysandra coelestina,219,Lycaenidae,Polyommatinae,Neolysandra,coelestina,"(Eversmann, 1843)",Pontic Blue,,,,EoR
Neptis rivularis,252,Nymphalidae,Limenitidinae,Neptis,rivularis,"(Scopoli, 1763)",Hungarian Glider,,,,
Neptis sappho,251,Nymphalidae,Limenitidinae,Neptis,sappho,"(Pallas, 1771)",Common Glider,,,,
Nymphalis antiopa,304,Nymphalidae,Nymphalinae,Nymphalis,antiopa,"(Linnaeus, 1758)",Camberwell Beauty,,,,
Nymphalis polychloros,302,Nymphalidae,Nymphalinae,Nymphalis,polychloros,"(Linnaeus, 1758)",Large Tortoiseshell,,,,
Nymphalis vaualbum,301,Nymphalidae,Nymphalinae,Nymphalis,vaualbum,"([Denis & Schiffermüller], 1775)",False Comma,,II+IV,SPEC3,
Nymphalis xanthomelas,303,Nymphalidae,Nymphalinae,Nymphalis,xanthomelas,"(Esper, 1781)",Yellow-legged Tortoiseshell,,,,
Ochlodes sylvanus,23,Hesperiidae,Hesperiinae,Ochlodes,sylvanus,"(Esper, 1777)",Large Skipper,,,,
Oeneis ammon,400,Nymphalidae,Satyrinae,Oeneis,ammon,"Elwes, 1899",suggestion:,,,,EoR
Oeneis bore,399,Nymphalidae,Satyrinae,Oeneis,bore,"(Schneider, 1792)",Arctic Grayling,,,SPEC4,
Oeneis glacialis,406,Nymphalidae,Satyrinae,Oeneis,glacialis,"(Moll, 1785)",Alpine Grayling,,,,
Oeneis jutta,403,Nymphalidae,Satyrinae,Oeneis,jutta,"(Hübner, 1806)",Baltic Grayling,,,SPEC4,
Oeneis magna,402,Nymphalidae,Satyrinae,Oeneis,magna,"Graeser, 1888",suggestion:,,,,EoR
Oeneis melissa,401,Nymphalidae,Satyrinae,Oeneis,melissa,"(Fabricius, 1775)",Melissa Arctic,,,,EoR
Oeneis norna,404,Nymphalidae,Satyrinae,Oeneis,norna,"(Thunberg, 1791)",Norse Grayling,,,SPEC2,
Oeneis polixenes,405,Nymphalidae,Satyrinae,Oeneis,polixenes,"(Fabricius, 1775)",Polixenes arctic,,,,EoR
Oeneis tarpeia,398,Nymphalidae,Satyrinae,Oeneis,tarpeia,"(Pallas, 1771)",suggestion:,,,,
Papilio alexanor,3,Papilionidae,Papilioninae,Papilio,alexanor,"Esper, 1800",Southern Swallowtail,,IV,SPEC3,
Papilio hospiton,5,Papilionidae,Papilioninae,Papilio,hospiton,"Gené, 1839",Corsican Swallowtail,,II+IV,,
Papilio machaon,4,Papilionidae,Papilioninae,Papilio,machaon,"Linnaeus, 1758",Swallowtail,,,,
Pararge aegeria,352,Nymphalidae,Satyrinae,Pararge,aegeria,"(Linnaeus, 1758)",Speckled Wood,,,,
Pararge xiphia,350,Nymphalidae,Satyrinae,Pararge,xiphia,"(Fabricius, 1775)",Madeiran Speckled Wood,,,SPEC1,
Pararge xiphioides,351,Nymphalidae,Satyrinae,Pararge,xiphioides,"Staudinger, 1871",Canary Speckled Wood,,,,
Parnassius apollo,8,Papilionidae,Parnassiinae,Parnassius,apollo,"(Linnaeus, 1758)",Apollo,,IV,SPEC2,
Parnassius mnemosyne,6,Papilionidae,Parnassiinae,Parnassius,mnemosyne,"(Linnaeus, 1758)",Clouded Apollo,,IV,SPEC2,
Parnassius phoebus,7,Papilionidae,Parnassiinae,Parnassius,phoebus,"(Fabricius, 1793)",Small Apollo,,,SPEC2,
Pelopidas thrax,19,Hesperiidae,Hesperiinae,Pelopidas,thrax,"(Hübner, 1821)",Millet Skipper,,,,EoR
Phengaris alcon,162,Lycaenidae,Polyommatinae,Phengaris,alcon,"([Denis & Schiffermüller], 1775)",Alcon Blue,,,SPEC3,
Phengaris arion,163,Lycaenidae,Polyommatinae,Phengaris,arion,"(Linnaeus, 1758)",Large Blue,,IV,SPEC1,
Phengaris nausithous,165,Lycaenidae,Polyommatinae,Phengaris,nausithous,"(Bergsträsser, 1779)",Dusky Large Blue,,II+IV,SPEC2,
Phengaris teleius,164,Lycaenidae,Polyommatinae,Phengaris,teleius,"(Bergsträsser, 1779)",Scarce Large Blue,,II+IV,SPEC1,
Pieris balcana,101,Pieridae,Pierinae,Pieris,balcana,"Lorković, 1969",Balkan Green-veined White,,,,
Pieris brassicae,93,Pieridae,Pierinae,Pieris,brassicae,"(Linnaeus, 1758)",Large White,,,,
Pieris bryoniae,99,Pieridae,Pierinae,Pieris,bryoniae,"(Hübner, 1806)",Mountain Green-veined White,,,,
Pieris cheiranthi,95,Pieridae,Pierinae,Pieris,cheiranthi,"(Hübner, 1808)",Canary Islands Large White,,,SPEC1,
Pieris ergane,98,Pieridae,Pierinae,Pieris,ergane,"(Geyer, 1828)",Mountain Small White,,,,
Pieris krueperi,92,Pieridae,Pierinae,Pieris,krueperi,"Staudinger, 1860",Krueper's Small White,,,,
Pieris mannii,97,Pieridae,Pierinae,Pieris,mannii,"(Mayer, 1851)",Southern Small White,,,,
Pieris napi,100,Pieridae,Pierinae,Pieris,napi,"(Linnaeus, 1758)",Green-veined White,,,,
Pieris rapae,96,Pieridae,Pierinae,Pieris,rapae,"(Linnaeus, 1758)",Small White,,,,
Pieris wollastoni,94,Pieridae,Pierinae,Pieris,wollastoni,"(Butler, 1886)",Madeiran Large White,,,SPEC1,
Plebejidea loewii,202,Lycaenidae,Polyommatinae,Plebejidea,loewii,"(Zeller, 1847)",Loew's Blue,,,,EoR
Plebejus argus,191,Lycaenidae,Polyommatinae,Plebejus,argus,"(Linnaeus, 1758)",Silver-studded Blue,,,,
Plebejus argyrognomon,194,Lycaenidae,Polyommatinae,Plebejus,argyrognomon,"(Bergsträsser, 1779)",Reverdin's Blue,,,,
Plebejus bellieri,193,Lycaenidae,Polyommatinae,Plebejus,bellieri,"(Oberthür, 1910)",Bellier's Blue,,,,
Plebejus idas,192,Lycaenidae,Polyommatinae,Plebejus,idas,"(Linnaeus, 1760)",Idas Blue,,,,
Polygonia c-album,300,Nymphalidae,Nymphalinae,Polygonia,c-album,"(Linnaeus, 1758)",Comma,,,,
Polygonia egea,299,Nymphalidae,Nymphalinae,Polygonia,egea,"(Cramer, 1775)",Southern Comma,,,,
Polyommatus admetus,239,Lycaenidae,Polyommatinae,Polyommatus,admetus,"(Esper, 1783)",Anomalous Blue,,,,
Polyommatus amandus,229,Lycaenidae,Polyommatinae,Polyommatus,amandus,"(Schneider, 1792)",Amanda's Blue,,,,
Polyommatus aroaniensis,250,Lycaenidae,Polyommatinae,Polyommatus,aroaniensis,"(Brown, 1976)",Grecian Anomalous Blue,,,,
Polyommatus celina,233,Lycaenidae,Polyommatinae,Polyommatus,celina,"(Austaut, 1879)",Austaut's Blue,,,,
Polyommatus damocles,238,Lycaenidae,Polyommatinae,Polyommatus,damocles,"(Herrich-Schäffer, 1844)",suggestion:,,,,
Polyommatus damon,236,Lycaenidae,Polyommatinae,Polyommatus,damon,"([Denis & Schiffermüller], 1775)",Damon Blue,,,SPEC2,
Polyommatus damone,237,Lycaenidae,Polyommatinae,Polyommatus,damone,"(Eversmann, 1841)",Crimean Blue,,,,EoR
Polyommatus daphnis,228,Lycaenidae,Polyommatinae,Polyommatus,daphnis,"([Denis & Schiffermüller], 1775)",Meleager's Blue,,,,
Polyommatus dolus,246,Lycaenidae,Polyommatinae,Polyommatus,dolus,"(Hübner, 1823)",Furry Blue,,,,
Polyommatus dorylas,232,Lycaenidae,Polyommatinae,Polyommatus,dorylas,"([Denis & Schiffermüller], 1775)",Turqouise Blue,,,SPEC2,
Polyommatus eros,235,Lycaenidae,Polyommatinae,Polyommatus,eros,"(Ochsenheimer, 1808)",Eros Blue,,,SPEC2,
Polyommatus escheri,226,Lycaenidae,Polyommatinae,Polyommatus,escheri,"(Hübner, 1823)",Escher's Blue,,,,
Polyommatus fabressei,245,Lycaenidae,Polyommatinae,Polyommatus,fabressei,"(Oberthür, 1910)",Oberthür's Anomalous Blue,,,,
Polyommatus fulgens,244,Lycaenidae,Polyommatinae,Polyommatus,fulgens,"(Sagarra, 1925)",Catalonian Furry Blue,,,,
Polyommatus golgus,230,Lycaenidae,Polyommatinae,Polyommatus,golgus,"(Hübner, 1813)",Nevada Blue,,II+IV,SPEC1,
Polyommatus humedasae,247,Lycaenidae,Polyommatinae,Polyommatus,humedasae,"(Toso & Balletto, 1976)",Piedmont Anomalous Blue,,,SPEC1,
Polyommatus icarus,234,Lycaenidae,Polyommatinae,Polyommatus,icarus,"(Rottemburg, 1775)",Common Blue,,,,
Polyommatus iphigenia,242,Lycaenidae,Polyommatinae,Polyommatus,iphigenia,"(Herrich-Schäffer, 1847)",Chelmos Blue,,,,EoR
Polyommatus nephohiptamenos,241,Lycaenidae,Polyommatinae,Polyommatus,nephohiptamenos,"(Brown & Coutsis, 1978)",Higgins' Anomalous Blue,,,SPEC2,
Polyommatus nivescens,231,Lycaenidae,Polyommatinae,Polyommatus,nivescens,"(Keferstein, 1851)",Mother-of-pearl Blue,,,SPEC2,
Polyommatus orphicus,249,Lycaenidae,Polyommatinae,Polyommatus,orphicus,"Kolev, 2005",Kolev's Anomalous Blue,,,SPEC1,
Polyommatus ripartii,240,Lycaenidae,Polyommatinae,Polyommatus,ripartii,"(Freyer, 1830)",Ripart's Anomalous Blue,,,,
Polyommatus thersites,227,Lycaenidae,Polyommatinae,Polyommatus,thersites,"(Cantener, 1835)",Chapman's Blue,,,,
Polyommatus timfristos,248,Lycaenidae,Polyommatinae,Polyommatus,timfristos,"Lukhtanov, Vishnevskaya & Shapoval, 2016",,suggestion: Timfristos Anomalous Blue,,,
Polyommatus violetae,243,Lycaenidae,Polyommatinae,Polyommatus,violetae,"(Gómez-Bustillo, Expósito & Martínez, 1979)",Andalusian Anomalous Blue,,,SPEC1,
Pontia callidice,89,Pieridae,Pierinae,Pontia,callidice,"(Hübner, 1800)",Peak White,,,,
Pontia chloridice,88,Pieridae,Pierinae,Pontia,chloridice,"(Hübner, 1813)",Small Bath White,,,,
Pontia daplidice,91,Pieridae,Pierinae,Pontia,daplidice,"(Linnaeus, 1758)",Bath White,,,,
Pontia edusa,90,Pieridae,Pierinae,Pontia,edusa,"(Fabricius, 1777)",Eastern Bath White,,,,
Praephilotes anthracias,174,Lycaenidae,Polyommatinae,Praephilotes,anthracias,"(Christoph, 1877)",suggestion:,,,,EoR
Proterebia phegea,425,Nymphalidae,Satyrinae,Proterebia,phegea,"(Borkhausen, 1788)",Dalmatian Ringlet,,,,
Pseudochazara amalthea,417,Nymphalidae,Satyrinae,Pseudochazara,amalthea,"(Frivaldszky, 1845)",,,,,
Pseudochazara amymone,415,Nymphalidae,Satyrinae,Pseudochazara,amymone,"Brown, 1976",Brown's Grayling,,,SPEC1,
Pseudochazara anthelea,416,Nymphalidae,Satyrinae,Pseudochazara,anthelea,"(Hübner, 1824)",White-banded Grayling,,,,
Pseudochazara cingovskii,421,Nymphalidae,Satyrinae,Pseudochazara,cingovskii,"(Gross, 1973)",Macedonian Grayling,,,SPEC1,
Pseudochazara euxina,419,Nymphalidae,Satyrinae,Pseudochazara,euxina,"(Kuznetsov, 1909)",,,,SPEC1,
Pseudochazara geyeri,413,Nymphalidae,Satyrinae,Pseudochazara,geyeri,"(Herrich-Schäffer, 1846)",Gray Asian Grayling,,,,
Pseudochazara graeca,414,Nymphalidae,Satyrinae,Pseudochazara,graeca,"(Staudinger, 1870)",Grecian Grayling,,,,
Pseudochazara mercurius,420,Nymphalidae,Satyrinae,Pseudochazara,mercurius,"(Staudinger, 1887)",Nevada Grayling,,,,EoR
Pseudochazara orestes,423,Nymphalidae,Satyrinae,Pseudochazara,orestes,"De Prins & van der Poorten, 1981",Dils' Grayling,,,SPEC1,
Pseudochazara tisiphone,422,Nymphalidae,Satyrinae,Pseudochazara,tisiphone,"Brown, [1981]",Dark Grayling,,,,
Pseudochazara williamsi,418,Nymphalidae,Satyrinae,Pseudochazara,williamsi,"(Romei, 1927)",,,,,
Pseudophilotes abencerragus,169,Lycaenidae,Polyommatinae,Pseudophilotes,abencerragus,"(Pierret, 1837)",False Baton Blue,,,,
Pseudophilotes barbagiae,168,Lycaenidae,Polyommatinae,Pseudophilotes,barbagiae,"De Prins & van der Poorten, 1982",Sardinian Blue,,,,
Pseudophilotes baton,172,Lycaenidae,Polyommatinae,Pseudophilotes,baton,"(Bergsträsser, 1779)",Baton Blue,,,SPEC4,
Pseudophilotes bavius,167,Lycaenidae,Polyommatinae,Pseudophilotes,bavius,"(Eversmann, 1832)",Bavius Blue,,II+IV,SPEC3,
Pseudophilotes panoptes,170,Lycaenidae,Polyommatinae,Pseudophilotes,panoptes,"(Hübner, 1813)",Panoptes Blue,,,SPEC2,
Pseudophilotes vicrama,171,Lycaenidae,Polyommatinae,Pseudophilotes,vicrama,"(Moore, 1865)",Eastern Baton Blue,,,SPEC2,
Pyrgus alveus,56,Hesperiidae,Pyrginae,Pyrgus,alveus,"(Hübner, 1803)",Large Grizzled Skipper,,,,
Pyrgus andromedae,53,Hesperiidae,Pyrginae,Pyrgus,andromedae,"(Wallengren, 1853)",Alpine Grizzled Skipper,,,,
Pyrgus armoricanus,55,Hesperiidae,Pyrginae,Pyrgus,armoricanus,"(Oberthür, 1910)",Oberthür's Grizzled Skipper,,,,
Pyrgus cacaliae,52,Hesperiidae,Pyrginae,Pyrgus,cacaliae,"(Rambur, 1839)",Dusky Grizzled Skipper,,,,
Pyrgus carlinae,60,Hesperiidae,Pyrginae,Pyrgus,carlinae,"(Rambur, 1839)",Carline Skipper,,,,
Pyrgus carthami,49,Hesperiidae,Pyrginae,Pyrgus,carthami,"(Hübner, 1813)",Safflower Skipper,,,,
Pyrgus centaureae,51,Hesperiidae,Pyrginae,Pyrgus,centaureae,"(Rambur, 1839)",Northern Grizzled Skipper,,,,
Pyrgus cinarae,62,Hesperiidae,Pyrginae,Pyrgus,cinarae,"(Rambur, 1839)",Sandy Grizzled Skipper,,,,
Pyrgus cirsii,61,Hesperiidae,Pyrginae,Pyrgus,cirsii,"(Rambur, 1839)",Cinquefoil Skipper,,,SPEC1,
Pyrgus foulquieri,58,Hesperiidae,Pyrginae,Pyrgus,foulquieri,"(Oberthür, 1910)",Foulquier's Grizzled Skipper,,,,
Pyrgus malvae,48,Hesperiidae,Pyrginae,Pyrgus,malvae,"(Linnaeus, 1758)",Grizzled Skipper,,,,
Pyrgus malvoides,47,Hesperiidae,Pyrginae,Pyrgus,malvoides,"(Elwes & Edwards, 1897)",Southern Grizzled Skipper,,,,
Pyrgus onopordi,59,Hesperiidae,Pyrginae,Pyrgus,onopordi,"(Rambur, 1839)",Rosy Grizzled Skipper,,,,
Pyrgus serratulae,54,Hesperiidae,Pyrginae,Pyrgus,serratulae,"(Rambur, 1839)",Olive Skipper,,,,
Pyrgus sidae,50,Hesperiidae,Pyrginae,Pyrgus,sidae,"(Esper, 1784)",Yellow-banded Skipper,,,,
Pyrgus warrenensis,57,Hesperiidae,Pyrginae,Pyrgus,warrenensis,"(Verity, 1928)",Warren's Skipper,,,,
Pyronia bathseba,432,Nymphalidae,Satyrinae,Pyronia,bathseba,"(Fabricius, 1793)",Spanish Gatekeeper,,,,
Pyronia cecilia,429,Nymphalidae,Satyrinae,Pyronia,cecilia,"(Vallantin, 1894)",Southern Gatekeeper,,,,
Pyronia tithonus,431,Nymphalidae,Satyrinae,Pyronia,tithonus,"(Linnaeus, 1771)",Gatekeeper,,,SPEC3,
Satyrium acaciae,152,Lycaenidae,Theclinae,Satyrium,acaciae,"(Fabricius, 1787)",Sloe Hairstreak,,,,
Satyrium esculi,148,Lycaenidae,Theclinae,Satyrium,esculi,"(Hübner, 1804)",False Ilex Hairstreak,,,,
Satyrium ilicis,147,Lycaenidae,Theclinae,Satyrium,ilicis,"(Esper, 1779)",Ilex Hairstreak,,,SPEC3,
Satyrium ledereri,149,Lycaenidae,Theclinae,Satyrium,ledereri,"(Boisduval, 1848)",Orange-banded Hairstreak,,,,EoR
Satyrium pruni,146,Lycaenidae,Theclinae,Satyrium,pruni,"(Linnaeus, 1758)",Black Hairstreak,,,,
Satyrium spini,151,Lycaenidae,Theclinae,Satyrium,spini,"([Denis & Schiffermüller], 1775)",Blue-spot Hairstreak,,,,
Satyrium w-album,150,Lycaenidae,Theclinae,Satyrium,w-album,"(Knoch, 1782)",White-letter Hairstreak,,,,
Satyrus actaea,409,Nymphalidae,Satyrinae,Satyrus,actaea,"(Esper, 1781)",Black Satyr,,,,
Satyrus ferula,407,Nymphalidae,Satyrinae,Satyrus,ferula,"(Fabricius, 1793)",Great Sooty Satyr,,,,
Satyrus virbius,408,Nymphalidae,Satyrinae,Satyrus,virbius,"Herrich-Schäffer, 1844",Crimean Sooty Satyr,,,,
Scolitantides orion,173,Lycaenidae,Polyommatinae,Scolitantides,orion,"(Pallas, 1771)",Checkered Blue,,,,
Speyeria aglaja,264,Nymphalidae,Heliconiinae,Speyeria,aglaja,"(Linnaeus, 1758)",Dark Green Fritillary,,,,
Spialia orbifer,34,Hesperiidae,Pyrginae,Spialia,orbifer,"(Hübner, 1823)",Hungarian Skipper,,,,
Spialia phlomidis,30,Hesperiidae,Pyrginae,Spialia,phlomidis,"(Herrich-Schäffer, 1845)",Persian Skipper,,,,
Spialia rosae,33,Hesperiidae,Pyrginae,Spialia,rosae,"Hernández-Roldán, Dapporto, Dincă, Vicente & Vila, 2016",,,,,
Spialia sertorius,31,Hesperiidae,Pyrginae,Spialia,sertorius,"(Hoffmansegg, 1804)",Red-underwing Skipper,,,,
Spialia therapne,32,Hesperiidae,Pyrginae,Spialia,therapne,"(Rambur, 1832)",Corsican Red-underwing Skipper,,,,
Tarucus balkanicus,161,Lycaenidae,Polyommatinae,Tarucus,balkanicus,"(Freyer, 1844)",Little Tiger Blue,,,,
Tarucus theophrastus,160,Lycaenidae,Polyommatinae,Tarucus,theophrastus,"(Fabricius, 1793)",Common Tiger Blue,,,,
Thecla betulae,135,Lycaenidae,Theclinae,Thecla,betulae,"(Linnaeus, 1758)",Brown Hairstreak,,,,
Thymelicus acteon,26,Hesperiidae,Hesperiinae,Thymelicus,acteon,"(Rottemburg, 1775)",Lulworth Skipper,,,SPEC2,
Thymelicus christi,25,Hesperiidae,Hesperiinae,Thymelicus,christi,"Rebel, 1894",Canarian Skipper,,,,
Thymelicus hyrax,27,Hesperiidae,Hesperiinae,Thymelicus,hyrax,"(Lederer, 1861)",Levantine Skipper,,,,
Thymelicus lineola,29,Hesperiidae,Hesperiinae,Thymelicus,lineola,"(Ochsenheimer, 1808)",Essex Skipper,,,,
Thymelicus sylvestris,28,Hesperiidae,Hesperiinae,Thymelicus,sylvestris,"(Poda, 1761)",Small Skipper,,,,
Tomares ballus,138,Lycaenidae,Theclinae,Tomares,ballus,"(Fabricius, 1787)",Provence Hairstreak,,,,
Tomares callimachus,140,Lycaenidae,Theclinae,Tomares,callimachus,"(Eversmann, 1848)",Caucasian Vernal Copper,,,SPEC3,EoR
Tomares nogelii,139,Lycaenidae,Theclinae,Tomares,nogelii,"(Herrich-Schäffer, 1851)",Nogel's Hairstreak,,,SPEC1,EoR
Tongeia fischeri,183,Lycaenidae,Polyommatinae,Tongeia,fischeri,"(Eversmann, 1843)",suggestion:,,,,EoR
Turanana taygetica,166,Lycaenidae,Polyommatinae,Turanana,taygetica,"(Rebel, 1902)",Odd-spot Blue,,,SPEC1,EoR
Vanessa atalanta,295,Nymphalidae,Nymphalinae,Vanessa,atalanta,"(Linnaeus, 1758)",Red Admiral,,,,
Vanessa cardui,293,Nymphalidae,Nymphalinae,Vanessa,cardui,"(Linnaeus, 1758)",Painted Lady,,,,
Vanessa virginiensis,292,Nymphalidae,Nymphalinae,Vanessa,virginiensis,"(Drury, 1773)",American Painted Lady,,,,EoR
Vanessa vulcania,294,Nymphalidae,Nymphalinae,Vanessa,vulcania,"Godart, 1819",Canary Red Admiral,,,,
Ypthima asterope,424,Nymphalidae,Satyrinae,Ypthima,asterope,"(Klug, 1832)",African Ringlet,,,,EoR
Zegris eupheme,115,Pieridae,Pierinae,Zegris,eupheme,"(Esper, 1804)",Sooty Orange-tip,,,SPEC2,
Zegris pyrothoe,114,Pieridae,Pierinae,Zegris,pyrothoe,"(Eversmann, 1832)",Eversmann's Sooty Orange-tip,,,,EoR
Zerynthia cassandra,15,Papilionidae,Parnassiinae,Zerynthia,cassandra,"(Geyer, [1828])",Italian Festoon,,,,
Zerynthia caucasica,12,Papilionidae,Parnassiinae,Zerynthia,caucasica,"(Lederer, 1864)",Caucasian Festoon,,,,EoR
Zerynthia cerisy,10,Papilionidae,Parnassiinae,Zerynthia,cerisy,"(Godart, 1824)",Eastern Festoon,,,SPEC2,
Zerynthia cretica,11,Papilionidae,Parnassiinae,Zerynthia,cretica,"(Rebel, 1904)",Cretan Festoon,,,,
Zerynthia polyxena,14,Papilionidae,Parnassiinae,Zerynthia,polyxena,"([Denis & Schiffermüller], 1775)",Southern Festoon,,IV,,
Zerynthia rumina,13,Papilionidae,Parnassiinae,Zerynthia,rumina,"(Linnaeus, 1758)",Spanish Festoon,,,,
Zizeeria karsandra,181,Lycaenidae,Polyommatinae,Zizeeria,karsandra,"(Moore, 1865)",Dark Grass Blue,,,,EoR
Zizeeria knysna,180,Lycaenidae,Polyommatinae,Zizeeria,knysna,"(Trimen, 1862)",African Grass Blue,,,,EoR
